{
    "accuracy": 0.609845031905196,
    "precision": 0.5175829618623081,
    "recall": 0.7712177121771218,
    "f1_score": 0.6194427978660344,
    "roc_auc": 0.6959903250892012,
    "threshold": 0.35,
    "classification_report": {
        "0": {
            "precision": 0.7562893081761006,
            "recall": 0.496900826446281,
            "f1-score": 0.5997506234413965,
            "support": 1936.0
        },
        "1": {
            "precision": 0.5175829618623081,
            "recall": 0.7712177121771218,
            "f1-score": 0.6194427978660344,
            "support": 1355.0
        },
        "accuracy": 0.609845031905196,
        "macro avg": {
            "precision": 0.6369361350192044,
            "recall": 0.6340592693117013,
            "f1-score": 0.6095967106537155,
            "support": 3291.0
        },
        "weighted avg": {
            "precision": 0.6580069929967665,
            "recall": 0.609845031905196,
            "f1-score": 0.6078584618933516,
            "support": 3291.0
        }
    },
    "confusion_matrix": [
        [
            962,
            974
        ],
        [
            310,
            1045
        ]
    ]
}