{
    "accuracy": 0.6487389851109086,
    "precision": 0.5794094173982443,
    "recall": 0.5357933579335793,
    "f1_score": 0.5567484662576687,
    "roc_auc": 0.6839384282272576,
    "classification_report": {
        "0": {
            "precision": 0.6913640824337586,
            "recall": 0.7277892561983471,
            "f1-score": 0.7091092098641167,
            "support": 1936.0
        },
        "1": {
            "precision": 0.5794094173982443,
            "recall": 0.5357933579335793,
            "f1-score": 0.5567484662576687,
            "support": 1355.0
        },
        "accuracy": 0.6487389851109086,
        "macro avg": {
            "precision": 0.6353867499160014,
            "recall": 0.6317913070659632,
            "f1-score": 0.6329288380608927,
            "support": 3291.0
        },
        "weighted avg": {
            "precision": 0.6452691048819136,
            "recall": 0.6487389851109086,
            "f1-score": 0.6463778796949472,
            "support": 3291.0
        }
    },
    "confusion_matrix": [
        [
            1409,
            527
        ],
        [
            629,
            726
        ]
    ]
}