{
    "accuracy": 0.4117289577635977,
    "precision": 0.4117289577635977,
    "recall": 1.0,
    "f1_score": 0.5832974601808006,
    "roc_auc": 0.5092552072214936,
    "classification_report": {
        "0": {
            "precision": 0.0,
            "recall": 0.0,
            "f1-score": 0.0,
            "support": 1936.0
        },
        "1": {
            "precision": 0.4117289577635977,
            "recall": 1.0,
            "f1-score": 0.5832974601808006,
            "support": 1355.0
        },
        "accuracy": 0.4117289577635977,
        "macro avg": {
            "precision": 0.20586447888179885,
            "recall": 0.5,
            "f1-score": 0.2916487300904003,
            "support": 3291.0
        },
        "weighted avg": {
            "precision": 0.16952073466109843,
            "recall": 0.4117289577635977,
            "f1-score": 0.24016045534639466,
            "support": 3291.0
        }
    },
    "confusion_matrix": [
        [
            0,
            1936
        ],
        [
            0,
            1355
        ]
    ]
}