{
    "accuracy": 0.6478274080826496,
    "precision": 0.5667574931880109,
    "recall": 0.6140221402214022,
    "f1_score": 0.5894438540559688,
    "roc_auc": 0.6987269753895886,
    "classification_report": {
        "0": {
            "precision": 0.7131102578167855,
            "recall": 0.6714876033057852,
            "f1-score": 0.6916733173716414,
            "support": 1936.0
        },
        "1": {
            "precision": 0.5667574931880109,
            "recall": 0.6140221402214022,
            "f1-score": 0.5894438540559688,
            "support": 1355.0
        },
        "accuracy": 0.6478274080826496,
        "macro avg": {
            "precision": 0.6399338755023982,
            "recall": 0.6427548717635937,
            "f1-score": 0.6405585857138051,
            "support": 3291.0
        },
        "weighted avg": {
            "precision": 0.6528525865703589,
            "recall": 0.6478274080826496,
            "f1-score": 0.6495824869879475,
            "support": 3291.0
        }
    },
    "confusion_matrix": [
        [
            1300,
            636
        ],
        [
            523,
            832
        ]
    ]
}