{
    "accuracy": 0.6651473716195685,
    "precision": 0.6190028222013171,
    "recall": 0.48560885608856086,
    "f1_score": 0.544251447477254,
    "roc_auc": 0.7112778658778324,
    "classification_report": {
        "0": {
            "precision": 0.6871633752244165,
            "recall": 0.7908057851239669,
            "f1-score": 0.7353506243996157,
            "support": 1936.0
        },
        "1": {
            "precision": 0.6190028222013171,
            "recall": 0.48560885608856086,
            "f1-score": 0.544251447477254,
            "support": 1355.0
        },
        "accuracy": 0.6651473716195685,
        "macro avg": {
            "precision": 0.6530830987128668,
            "recall": 0.638207320606264,
            "f1-score": 0.6398010359384348,
            "support": 3291.0
        },
        "weighted avg": {
            "precision": 0.6590997017676252,
            "recall": 0.6651473716195685,
            "f1-score": 0.6566695594558905,
            "support": 3291.0
        }
    },
    "confusion_matrix": [
        [
            1531,
            405
        ],
        [
            697,
            658
        ]
    ]
}