{
    "accuracy": 0.6329383166210878,
    "precision": 0.5538461538461539,
    "recall": 0.5579335793357934,
    "f1_score": 0.5558823529411765,
    "roc_auc": 0.6714001174102651,
    "classification_report": {
        "0": {
            "precision": 0.6889927310488058,
            "recall": 0.6854338842975206,
            "f1-score": 0.68720870015536,
            "support": 1936.0
        },
        "1": {
            "precision": 0.5538461538461539,
            "recall": 0.5579335793357934,
            "f1-score": 0.5558823529411765,
            "support": 1355.0
        },
        "accuracy": 0.6329383166210878,
        "macro avg": {
            "precision": 0.6214194424474798,
            "recall": 0.621683731816657,
            "f1-score": 0.6215455265482682,
            "support": 3291.0
        },
        "weighted avg": {
            "precision": 0.6333489716718403,
            "recall": 0.6329383166210878,
            "f1-score": 0.6331378400899639,
            "support": 3291.0
        }
    },
    "confusion_matrix": [
        [
            1327,
            609
        ],
        [
            599,
            756
        ]
    ]
}